rank_a,case_a,pdb_a,peptide_a,motif_class_a,rank_b,case_b,pdb_b,peptide_b,motif_class_b,seq_identity,aligned_sequence_positions,ca_seqalign_rmsd_angstrom,ca_shape_rmsd_angstrom,aligned_ca_pairs,motif_reduced_tail4_distance,different_motif_class,transfer_pair_score
2,Erbin PDZ,1MFG,EYLGLDVPV,class_II_X-Phi-X-Phi,17,TIP-1 PDZ,3SFJ,ANSRWPTSII,class_I_X-S/T-X-Phi,0.4565,92,9.702,2.120,92,3,yes,0.5859
5,Syntenin-1 PDZ2,1OBY,TNEFYA,class_II_X-Phi-X-Phi,8,Tamalin/GRASP PDZ,2EGN,SSSSL,class_I_X-S/T-X-Phi,0.3418,79,18.374,1.634,75,3,yes,0.5731
19,DLG1/SAP97 PDZ1,3RL7,RHSGSYLVTSV,class_I_X-S/T-X-Phi,20,DLG1/SAP97 PDZ2,2G2L,SIPCMSHSSGMPLGATGL,class_I_X-S/T-X-Phi,0.5051,99,8.092,1.357,89,1,no,0.5562
6,GRIP1 PDZ6,1N7F,ATVRTYSC,noncanonical_Cterm,18,CAL/GOPC PDZ,4E34,ANSRWPTSII,class_I_X-S/T-X-Phi,0.3837,86,12.674,2.160,85,3,yes,0.5499
9,PICK1 PDZ,2PKU,ESVKI,class_II_X-Phi-X-Phi,18,CAL/GOPC PDZ,4E34,ANSRWPTSII,class_I_X-S/T-X-Phi,0.3571,84,18.202,1.709,84,2,yes,0.5365
9,PICK1 PDZ,2PKU,ESVKI,class_II_X-Phi-X-Phi,20,DLG1/SAP97 PDZ2,2G2L,SIPCMSHSSGMPLGATGL,class_I_X-S/T-X-Phi,0.3605,86,10.316,2.275,85,3,yes,0.5302
6,GRIP1 PDZ6,1N7F,ATVRTYSC,noncanonical_Cterm,19,DLG1/SAP97 PDZ1,3RL7,RHSGSYLVTSV,class_I_X-S/T-X-Phi,0.3021,96,18.333,1.967,85,3,yes,0.5286
6,GRIP1 PDZ6,1N7F,ATVRTYSC,noncanonical_Cterm,20,DLG1/SAP97 PDZ2,2G2L,SIPCMSHSSGMPLGATGL,class_I_X-S/T-X-Phi,0.3263,95,17.692,2.140,85,4,yes,0.5257
18,CAL/GOPC PDZ,4E34,ANSRWPTSII,class_I_X-S/T-X-Phi,20,DLG1/SAP97 PDZ2,2G2L,SIPCMSHSSGMPLGATGL,class_I_X-S/T-X-Phi,0.3953,86,7.634,1.621,85,2,no,0.5232
2,Erbin PDZ,1MFG,EYLGLDVPV,class_II_X-Phi-X-Phi,12,Par-3 PDZ3,2K20,DEDQHSQITKV,class_I_X-S/T-X-Phi,0.3804,92,11.873,2.508,92,3,yes,0.5206
6,GRIP1 PDZ6,1N7F,ATVRTYSC,noncanonical_Cterm,7,Afadin/AF-6 PDZ,2AIN,LFSTEV,class_I_X-S/T-X-Phi,0.3708,89,3.944,2.507,84,3,yes,0.5163
8,Tamalin/GRASP PDZ,2EGN,SSSSL,class_I_X-S/T-X-Phi,9,PICK1 PDZ,2PKU,ESVKI,class_II_X-Phi-X-Phi,0.3452,84,16.741,1.946,78,2,yes,0.5121
9,PICK1 PDZ,2PKU,ESVKI,class_II_X-Phi-X-Phi,15,PTPN4 PDZ,3NFK,SWESHKSGGETRL,class_I_X-S/T-X-Phi,0.3218,87,18.541,1.831,85,2,yes,0.5108
5,Syntenin-1 PDZ2,1OBY,TNEFYA,class_II_X-Phi-X-Phi,15,PTPN4 PDZ,3NFK,SWESHKSGGETRL,class_I_X-S/T-X-Phi,0.3165,79,5.215,1.848,75,2,yes,0.5071
9,PICK1 PDZ,2PKU,ESVKI,class_II_X-Phi-X-Phi,19,DLG1/SAP97 PDZ1,3RL7,RHSGSYLVTSV,class_I_X-S/T-X-Phi,0.3176,85,4.490,2.354,82,3,yes,0.5047
2,Erbin PDZ,1MFG,EYLGLDVPV,class_II_X-Phi-X-Phi,13,Harmonin PDZ2,2KBS,TPLEITEL,class_I_X-S/T-X-Phi,0.3333,87,6.545,2.454,87,3,yes,0.5037
2,Erbin PDZ,1MFG,EYLGLDVPV,class_II_X-Phi-X-Phi,20,DLG1/SAP97 PDZ2,2G2L,SIPCMSHSSGMPLGATGL,class_I_X-S/T-X-Phi,0.4333,90,19.719,3.017,87,3,yes,0.5037
5,Syntenin-1 PDZ2,1OBY,TNEFYA,class_II_X-Phi-X-Phi,6,GRIP1 PDZ6,1N7F,ATVRTYSC,noncanonical_Cterm,0.3247,77,6.140,2.448,75,3,yes,0.5002
15,PTPN4 PDZ,3NFK,SWESHKSGGETRL,class_I_X-S/T-X-Phi,18,CAL/GOPC PDZ,4E34,ANSRWPTSII,class_I_X-S/T-X-Phi,0.3678,87,15.113,1.754,85,2,no,0.5002
6,GRIP1 PDZ6,1N7F,ATVRTYSC,noncanonical_Cterm,14,SNX27 PDZ,3QGL,ESESKV,class_I_X-S/T-X-Phi,0.3636,88,8.742,2.685,84,4,yes,0.4989
6,GRIP1 PDZ6,1N7F,ATVRTYSC,noncanonical_Cterm,15,PTPN4 PDZ,3NFK,SWESHKSGGETRL,class_I_X-S/T-X-Phi,0.2258,93,17.816,1.910,85,4,yes,0.4988
18,CAL/GOPC PDZ,4E34,ANSRWPTSII,class_I_X-S/T-X-Phi,19,DLG1/SAP97 PDZ1,3RL7,RHSGSYLVTSV,class_I_X-S/T-X-Phi,0.4023,87,17.210,2.001,85,2,no,0.4959
5,Syntenin-1 PDZ2,1OBY,TNEFYA,class_II_X-Phi-X-Phi,19,DLG1/SAP97 PDZ1,3RL7,RHSGSYLVTSV,class_I_X-S/T-X-Phi,0.3205,78,9.700,2.490,74,3,yes,0.4950
2,Erbin PDZ,1MFG,EYLGLDVPV,class_II_X-Phi-X-Phi,18,CAL/GOPC PDZ,4E34,ANSRWPTSII,class_I_X-S/T-X-Phi,0.3810,84,7.801,2.978,84,3,yes,0.4832
7,Afadin/AF-6 PDZ,2AIN,LFSTEV,class_I_X-S/T-X-Phi,12,Par-3 PDZ3,2K20,DEDQHSQITKV,class_I_X-S/T-X-Phi,0.4396,91,20.191,2.372,91,2,no,0.4830
2,Erbin PDZ,1MFG,EYLGLDVPV,class_II_X-Phi-X-Phi,8,Tamalin/GRASP PDZ,2EGN,SSSSL,class_I_X-S/T-X-Phi,0.3516,91,17.501,2.862,81,3,yes,0.4793
2,Erbin PDZ,1MFG,EYLGLDVPV,class_II_X-Phi-X-Phi,6,GRIP1 PDZ6,1N7F,ATVRTYSC,noncanonical_Cterm,0.3146,89,18.879,2.662,83,3,yes,0.4786
7,Afadin/AF-6 PDZ,2AIN,LFSTEV,class_I_X-S/T-X-Phi,9,PICK1 PDZ,2PKU,ESVKI,class_II_X-Phi-X-Phi,0.3647,85,20.341,2.481,85,2,yes,0.4781
6,GRIP1 PDZ6,1N7F,ATVRTYSC,noncanonical_Cterm,8,Tamalin/GRASP PDZ,2EGN,SSSSL,class_I_X-S/T-X-Phi,0.2500,88,13.833,1.864,79,2,yes,0.4759
5,Syntenin-1 PDZ2,1OBY,TNEFYA,class_II_X-Phi-X-Phi,9,PICK1 PDZ,2PKU,ESVKI,class_II_X-Phi-X-Phi,0.3378,74,16.929,1.954,72,2,no,0.4707
2,Erbin PDZ,1MFG,EYLGLDVPV,class_II_X-Phi-X-Phi,7,Afadin/AF-6 PDZ,2AIN,LFSTEV,class_I_X-S/T-X-Phi,0.2921,89,4.393,2.646,89,3,yes,0.4697
17,TIP-1 PDZ,3SFJ,ANSRWPTSII,class_I_X-S/T-X-Phi,20,DLG1/SAP97 PDZ2,2G2L,SIPCMSHSSGMPLGATGL,class_I_X-S/T-X-Phi,0.4615,91,8.482,2.682,89,2,no,0.4681
5,Syntenin-1 PDZ2,1OBY,TNEFYA,class_II_X-Phi-X-Phi,20,DLG1/SAP97 PDZ2,2G2L,SIPCMSHSSGMPLGATGL,class_I_X-S/T-X-Phi,0.3333,78,17.024,2.909,74,3,yes,0.4673
1,PSD-95/DLG4 PDZ3,1BE9,KQTSV,class_I_X-S/T-X-Phi,5,Syntenin-1 PDZ2,1OBY,TNEFYA,class_II_X-Phi-X-Phi,0.4800,75,17.507,3.736,71,3,yes,0.4671
7,Afadin/AF-6 PDZ,2AIN,LFSTEV,class_I_X-S/T-X-Phi,20,DLG1/SAP97 PDZ2,2G2L,SIPCMSHSSGMPLGATGL,class_I_X-S/T-X-Phi,0.4382,89,16.048,2.565,86,2,no,0.4670
8,Tamalin/GRASP PDZ,2EGN,SSSSL,class_I_X-S/T-X-Phi,15,PTPN4 PDZ,3NFK,SWESHKSGGETRL,class_I_X-S/T-X-Phi,0.3053,95,8.162,1.842,82,2,no,0.4650
5,Syntenin-1 PDZ2,1OBY,TNEFYA,class_II_X-Phi-X-Phi,13,Harmonin PDZ2,2KBS,TPLEITEL,class_I_X-S/T-X-Phi,0.3205,78,18.381,2.870,74,3,yes,0.4647
9,PICK1 PDZ,2PKU,ESVKI,class_II_X-Phi-X-Phi,12,Par-3 PDZ3,2K20,DEDQHSQITKV,class_I_X-S/T-X-Phi,0.3103,87,10.773,2.401,87,2,yes,0.4601
6,GRIP1 PDZ6,1N7F,ATVRTYSC,noncanonical_Cterm,17,TIP-1 PDZ,3SFJ,ANSRWPTSII,class_I_X-S/T-X-Phi,0.3523,88,19.050,3.106,85,3,yes,0.4600
2,Erbin PDZ,1MFG,EYLGLDVPV,class_II_X-Phi-X-Phi,19,DLG1/SAP97 PDZ1,3RL7,RHSGSYLVTSV,class_I_X-S/T-X-Phi,0.3263,95,13.759,2.976,88,3,yes,0.4587
9,PICK1 PDZ,2PKU,ESVKI,class_II_X-Phi-X-Phi,13,Harmonin PDZ2,2KBS,TPLEITEL,class_I_X-S/T-X-Phi,0.2824,85,11.373,2.736,85,3,yes,0.4582
6,GRIP1 PDZ6,1N7F,ATVRTYSC,noncanonical_Cterm,11,Par-6 PDZ,1RZX,XVKESLV,class_I_X-S/T-X-Phi,0.3678,87,20.209,3.247,83,4,yes,0.4558
1,PSD-95/DLG4 PDZ3,1BE9,KQTSV,class_I_X-S/T-X-Phi,2,Erbin PDZ,1MFG,EYLGLDVPV,class_II_X-Phi-X-Phi,0.4149,94,13.293,3.535,92,3,yes,0.4539
8,Tamalin/GRASP PDZ,2EGN,SSSSL,class_I_X-S/T-X-Phi,13,Harmonin PDZ2,2KBS,TPLEITEL,class_I_X-S/T-X-Phi,0.3023,86,17.018,1.969,82,2,no,0.4535
5,Syntenin-1 PDZ2,1OBY,TNEFYA,class_II_X-Phi-X-Phi,14,SNX27 PDZ,3QGL,ESESKV,class_I_X-S/T-X-Phi,0.3718,78,10.502,2.834,74,2,yes,0.4531
5,Syntenin-1 PDZ2,1OBY,TNEFYA,class_II_X-Phi-X-Phi,18,CAL/GOPC PDZ,4E34,ANSRWPTSII,class_I_X-S/T-X-Phi,0.3117,77,16.899,2.580,75,2,yes,0.4464
5,Syntenin-1 PDZ2,1OBY,TNEFYA,class_II_X-Phi-X-Phi,12,Par-3 PDZ3,2K20,DEDQHSQITKV,class_I_X-S/T-X-Phi,0.3896,77,19.068,3.518,73,3,yes,0.4439
6,GRIP1 PDZ6,1N7F,ATVRTYSC,noncanonical_Cterm,12,Par-3 PDZ3,2K20,DEDQHSQITKV,class_I_X-S/T-X-Phi,0.2887,97,11.465,2.980,86,4,yes,0.4415
14,SNX27 PDZ,3QGL,ESESKV,class_I_X-S/T-X-Phi,18,CAL/GOPC PDZ,4E34,ANSRWPTSII,class_I_X-S/T-X-Phi,0.4286,84,20.171,2.840,83,2,no,0.4406
7,Afadin/AF-6 PDZ,2AIN,LFSTEV,class_I_X-S/T-X-Phi,19,DLG1/SAP97 PDZ1,3RL7,RHSGSYLVTSV,class_I_X-S/T-X-Phi,0.4419,86,16.769,2.991,80,2,no,0.4346
5,Syntenin-1 PDZ2,1OBY,TNEFYA,class_II_X-Phi-X-Phi,7,Afadin/AF-6 PDZ,2AIN,LFSTEV,class_I_X-S/T-X-Phi,0.3553,76,10.085,3.443,73,3,yes,0.4344
9,PICK1 PDZ,2PKU,ESVKI,class_II_X-Phi-X-Phi,14,SNX27 PDZ,3QGL,ESESKV,class_I_X-S/T-X-Phi,0.3103,87,11.935,2.739,87,2,yes,0.4331
6,GRIP1 PDZ6,1N7F,ATVRTYSC,noncanonical_Cterm,13,Harmonin PDZ2,2KBS,TPLEITEL,class_I_X-S/T-X-Phi,0.2889,90,15.372,3.093,83,4,yes,0.4326
9,PICK1 PDZ,2PKU,ESVKI,class_II_X-Phi-X-Phi,17,TIP-1 PDZ,3SFJ,ANSRWPTSII,class_I_X-S/T-X-Phi,0.3721,86,20.143,3.092,86,2,yes,0.4326
9,PICK1 PDZ,2PKU,ESVKI,class_II_X-Phi-X-Phi,10,LARG PDZ,2OS6,VENKVTDL,class_I_X-S/T-X-Phi,0.3210,81,8.364,3.288,81,3,yes,0.4314
1,PSD-95/DLG4 PDZ3,1BE9,KQTSV,class_I_X-S/T-X-Phi,6,GRIP1 PDZ6,1N7F,ATVRTYSC,noncanonical_Cterm,0.3542,96,14.963,3.488,85,3,yes,0.4303
6,GRIP1 PDZ6,1N7F,ATVRTYSC,noncanonical_Cterm,9,PICK1 PDZ,2PKU,ESVKI,class_II_X-Phi-X-Phi,0.2644,87,10.637,2.515,85,2,yes,0.4303
11,Par-6 PDZ,1RZX,XVKESLV,class_I_X-S/T-X-Phi,13,Harmonin PDZ2,2KBS,TPLEITEL,class_I_X-S/T-X-Phi,0.4458,83,19.216,3.085,83,2,no,0.4288
6,GRIP1 PDZ6,1N7F,ATVRTYSC,noncanonical_Cterm,10,LARG PDZ,2OS6,VENKVTDL,class_I_X-S/T-X-Phi,0.3256,86,18.409,3.363,85,4,yes,0.4274
2,Erbin PDZ,1MFG,EYLGLDVPV,class_II_X-Phi-X-Phi,14,SNX27 PDZ,3QGL,ESESKV,class_I_X-S/T-X-Phi,0.3370,92,14.428,2.971,90,2,yes,0.4265
13,Harmonin PDZ2,2KBS,TPLEITEL,class_I_X-S/T-X-Phi,17,TIP-1 PDZ,3SFJ,ANSRWPTSII,class_I_X-S/T-X-Phi,0.4286,84,19.260,3.029,84,2,no,0.4255
2,Erbin PDZ,1MFG,EYLGLDVPV,class_II_X-Phi-X-Phi,10,LARG PDZ,2OS6,VENKVTDL,class_I_X-S/T-X-Phi,0.3976,83,7.038,3.794,83,3,yes,0.4254
17,TIP-1 PDZ,3SFJ,ANSRWPTSII,class_I_X-S/T-X-Phi,19,DLG1/SAP97 PDZ1,3RL7,RHSGSYLVTSV,class_I_X-S/T-X-Phi,0.4105,95,11.933,2.933,89,2,no,0.4251
2,Erbin PDZ,1MFG,EYLGLDVPV,class_II_X-Phi-X-Phi,15,PTPN4 PDZ,3NFK,SWESHKSGGETRL,class_I_X-S/T-X-Phi,0.3118,93,6.805,2.874,86,2,yes,0.4229
1,PSD-95/DLG4 PDZ3,1BE9,KQTSV,class_I_X-S/T-X-Phi,18,CAL/GOPC PDZ,4E34,ANSRWPTSII,class_I_X-S/T-X-Phi,0.5116,86,10.160,3.535,86,2,no,0.4224
8,Tamalin/GRASP PDZ,2EGN,SSSSL,class_I_X-S/T-X-Phi,18,CAL/GOPC PDZ,4E34,ANSRWPTSII,class_I_X-S/T-X-Phi,0.3721,86,7.666,2.311,80,1,no,0.4201
8,Tamalin/GRASP PDZ,2EGN,SSSSL,class_I_X-S/T-X-Phi,12,Par-3 PDZ3,2K20,DEDQHSQITKV,class_I_X-S/T-X-Phi,0.2826,92,16.989,2.316,82,2,no,0.4169
14,SNX27 PDZ,3QGL,ESESKV,class_I_X-S/T-X-Phi,17,TIP-1 PDZ,3SFJ,ANSRWPTSII,class_I_X-S/T-X-Phi,0.3265,98,8.527,2.569,95,2,no,0.4164
14,SNX27 PDZ,3QGL,ESESKV,class_I_X-S/T-X-Phi,19,DLG1/SAP97 PDZ1,3RL7,RHSGSYLVTSV,class_I_X-S/T-X-Phi,0.2828,99,20.578,2.331,88,2,no,0.4158
15,PTPN4 PDZ,3NFK,SWESHKSGGETRL,class_I_X-S/T-X-Phi,20,DLG1/SAP97 PDZ2,2G2L,SIPCMSHSSGMPLGATGL,class_I_X-S/T-X-Phi,0.2121,99,10.923,1.980,86,2,no,0.4121
1,PSD-95/DLG4 PDZ3,1BE9,KQTSV,class_I_X-S/T-X-Phi,9,PICK1 PDZ,2PKU,ESVKI,class_II_X-Phi-X-Phi,0.3218,87,13.894,3.550,87,3,yes,0.4109
8,Tamalin/GRASP PDZ,2EGN,SSSSL,class_I_X-S/T-X-Phi,14,SNX27 PDZ,3QGL,ESESKV,class_I_X-S/T-X-Phi,0.3263,95,8.012,2.648,82,2,no,0.4100
9,PICK1 PDZ,2PKU,ESVKI,class_II_X-Phi-X-Phi,11,Par-6 PDZ,1RZX,XVKESLV,class_I_X-S/T-X-Phi,0.2759,87,15.398,3.366,87,3,yes,0.4049
15,PTPN4 PDZ,3NFK,SWESHKSGGETRL,class_I_X-S/T-X-Phi,19,DLG1/SAP97 PDZ1,3RL7,RHSGSYLVTSV,class_I_X-S/T-X-Phi,0.2039,103,15.875,2.050,86,2,no,0.4028
10,LARG PDZ,2OS6,VENKVTDL,class_I_X-S/T-X-Phi,14,SNX27 PDZ,3QGL,ESESKV,class_I_X-S/T-X-Phi,0.4881,84,20.056,3.724,82,2,no,0.3967
7,Afadin/AF-6 PDZ,2AIN,LFSTEV,class_I_X-S/T-X-Phi,11,Par-6 PDZ,1RZX,XVKESLV,class_I_X-S/T-X-Phi,0.3146,89,13.749,2.775,89,2,no,0.3945
8,Tamalin/GRASP PDZ,2EGN,SSSSL,class_I_X-S/T-X-Phi,10,LARG PDZ,2OS6,VENKVTDL,class_I_X-S/T-X-Phi,0.4512,82,4.914,3.545,80,2,no,0.3944
12,Par-3 PDZ3,2K20,DEDQHSQITKV,class_I_X-S/T-X-Phi,17,TIP-1 PDZ,3SFJ,ANSRWPTSII,class_I_X-S/T-X-Phi,0.3263,95,18.613,2.848,95,2,no,0.3940
13,Harmonin PDZ2,2KBS,TPLEITEL,class_I_X-S/T-X-Phi,15,PTPN4 PDZ,3NFK,SWESHKSGGETRL,class_I_X-S/T-X-Phi,0.3523,88,19.062,3.002,87,2,no,0.3934
2,Erbin PDZ,1MFG,EYLGLDVPV,class_II_X-Phi-X-Phi,11,Par-6 PDZ,1RZX,XVKESLV,class_I_X-S/T-X-Phi,0.3370,92,17.478,3.404,92,2,yes,0.3918
1,PSD-95/DLG4 PDZ3,1BE9,KQTSV,class_I_X-S/T-X-Phi,14,SNX27 PDZ,3QGL,ESESKV,class_I_X-S/T-X-Phi,0.4167,96,13.311,3.386,92,2,no,0.3916
13,Harmonin PDZ2,2KBS,TPLEITEL,class_I_X-S/T-X-Phi,19,DLG1/SAP97 PDZ1,3RL7,RHSGSYLVTSV,class_I_X-S/T-X-Phi,0.3370,92,7.825,2.484,83,1,no,0.3904
12,Par-3 PDZ3,2K20,DEDQHSQITKV,class_I_X-S/T-X-Phi,19,DLG1/SAP97 PDZ1,3RL7,RHSGSYLVTSV,class_I_X-S/T-X-Phi,0.3235,102,4.339,2.412,88,1,no,0.3901
13,Harmonin PDZ2,2KBS,TPLEITEL,class_I_X-S/T-X-Phi,14,SNX27 PDZ,3QGL,ESESKV,class_I_X-S/T-X-Phi,0.3571,84,17.096,3.074,84,2,no,0.3898
5,Syntenin-1 PDZ2,1OBY,TNEFYA,class_II_X-Phi-X-Phi,17,TIP-1 PDZ,3SFJ,ANSRWPTSII,class_I_X-S/T-X-Phi,0.3205,78,13.144,3.341,75,2,yes,0.3895
12,Par-3 PDZ3,2K20,DEDQHSQITKV,class_I_X-S/T-X-Phi,18,CAL/GOPC PDZ,4E34,ANSRWPTSII,class_I_X-S/T-X-Phi,0.3678,87,14.902,3.139,87,2,no,0.3894
7,Afadin/AF-6 PDZ,2AIN,LFSTEV,class_I_X-S/T-X-Phi,13,Harmonin PDZ2,2KBS,TPLEITEL,class_I_X-S/T-X-Phi,0.3765,85,18.640,2.720,85,1,no,0.3893
7,Afadin/AF-6 PDZ,2AIN,LFSTEV,class_I_X-S/T-X-Phi,14,SNX27 PDZ,3QGL,ESESKV,class_I_X-S/T-X-Phi,0.2778,90,15.284,2.648,89,2,no,0.3882
13,Harmonin PDZ2,2KBS,TPLEITEL,class_I_X-S/T-X-Phi,18,CAL/GOPC PDZ,4E34,ANSRWPTSII,class_I_X-S/T-X-Phi,0.3647,85,13.314,3.137,85,2,no,0.3881
10,LARG PDZ,2OS6,VENKVTDL,class_I_X-S/T-X-Phi,17,TIP-1 PDZ,3SFJ,ANSRWPTSII,class_I_X-S/T-X-Phi,0.4512,82,17.368,3.628,81,2,no,0.3878
13,Harmonin PDZ2,2KBS,TPLEITEL,class_I_X-S/T-X-Phi,20,DLG1/SAP97 PDZ2,2G2L,SIPCMSHSSGMPLGATGL,class_I_X-S/T-X-Phi,0.3696,92,8.114,2.722,82,1,no,0.3861
14,SNX27 PDZ,3QGL,ESESKV,class_I_X-S/T-X-Phi,20,DLG1/SAP97 PDZ2,2G2L,SIPCMSHSSGMPLGATGL,class_I_X-S/T-X-Phi,0.3516,91,12.923,3.096,89,2,no,0.3855
1,PSD-95/DLG4 PDZ3,1BE9,KQTSV,class_I_X-S/T-X-Phi,13,Harmonin PDZ2,2KBS,TPLEITEL,class_I_X-S/T-X-Phi,0.4333,90,10.134,3.567,90,2,no,0.3847
7,Afadin/AF-6 PDZ,2AIN,LFSTEV,class_I_X-S/T-X-Phi,17,TIP-1 PDZ,3SFJ,ANSRWPTSII,class_I_X-S/T-X-Phi,0.3708,89,16.797,2.772,89,1,no,0.3826
12,Par-3 PDZ3,2K20,DEDQHSQITKV,class_I_X-S/T-X-Phi,14,SNX27 PDZ,3QGL,ESESKV,class_I_X-S/T-X-Phi,0.3656,93,19.045,2.778,92,1,no,0.3798
5,Syntenin-1 PDZ2,1OBY,TNEFYA,class_II_X-Phi-X-Phi,10,LARG PDZ,2OS6,VENKVTDL,class_I_X-S/T-X-Phi,0.2911,79,12.004,3.776,75,3,yes,0.3789
11,Par-6 PDZ,1RZX,XVKESLV,class_I_X-S/T-X-Phi,20,DLG1/SAP97 PDZ2,2G2L,SIPCMSHSSGMPLGATGL,class_I_X-S/T-X-Phi,0.3263,95,20.181,3.052,88,2,no,0.3777
2,Erbin PDZ,1MFG,EYLGLDVPV,class_II_X-Phi-X-Phi,9,PICK1 PDZ,2PKU,ESVKI,class_II_X-Phi-X-Phi,0.3095,84,6.615,3.000,84,2,no,0.3742
8,Tamalin/GRASP PDZ,2EGN,SSSSL,class_I_X-S/T-X-Phi,20,DLG1/SAP97 PDZ2,2G2L,SIPCMSHSSGMPLGATGL,class_I_X-S/T-X-Phi,0.3077,91,18.611,3.001,81,2,no,0.3734
12,Par-3 PDZ3,2K20,DEDQHSQITKV,class_I_X-S/T-X-Phi,20,DLG1/SAP97 PDZ2,2G2L,SIPCMSHSSGMPLGATGL,class_I_X-S/T-X-Phi,0.3400,100,7.065,2.714,88,1,no,0.3734
15,PTPN4 PDZ,3NFK,SWESHKSGGETRL,class_I_X-S/T-X-Phi,17,TIP-1 PDZ,3SFJ,ANSRWPTSII,class_I_X-S/T-X-Phi,0.3030,99,16.076,3.017,86,2,no,0.3700
7,Afadin/AF-6 PDZ,2AIN,LFSTEV,class_I_X-S/T-X-Phi,18,CAL/GOPC PDZ,4E34,ANSRWPTSII,class_I_X-S/T-X-Phi,0.3452,84,14.566,2.794,84,1,no,0.3694
1,PSD-95/DLG4 PDZ3,1BE9,KQTSV,class_I_X-S/T-X-Phi,7,Afadin/AF-6 PDZ,2AIN,LFSTEV,class_I_X-S/T-X-Phi,0.3846,91,9.528,3.486,91,2,no,0.3692
8,Tamalin/GRASP PDZ,2EGN,SSSSL,class_I_X-S/T-X-Phi,19,DLG1/SAP97 PDZ1,3RL7,RHSGSYLVTSV,class_I_X-S/T-X-Phi,0.2660,94,16.848,2.362,80,1,no,0.3683
10,LARG PDZ,2OS6,VENKVTDL,class_I_X-S/T-X-Phi,15,PTPN4 PDZ,3NFK,SWESHKSGGETRL,class_I_X-S/T-X-Phi,0.3678,87,19.273,3.412,81,2,no,0.3675
7,Afadin/AF-6 PDZ,2AIN,LFSTEV,class_I_X-S/T-X-Phi,15,PTPN4 PDZ,3NFK,SWESHKSGGETRL,class_I_X-S/T-X-Phi,0.3111,90,9.812,3.135,86,2,no,0.3642
1,PSD-95/DLG4 PDZ3,1BE9,KQTSV,class_I_X-S/T-X-Phi,15,PTPN4 PDZ,3NFK,SWESHKSGGETRL,class_I_X-S/T-X-Phi,0.3960,101,11.916,3.649,90,2,no,0.3613
3,NHERF1 PDZ1,2M0U,QDTRL,class_I_X-S/T-X-Phi,6,GRIP1 PDZ6,1N7F,ATVRTYSC,noncanonical_Cterm,0.2812,96,19.057,3.952,85,4,yes,0.3604
1,PSD-95/DLG4 PDZ3,1BE9,KQTSV,class_I_X-S/T-X-Phi,19,DLG1/SAP97 PDZ1,3RL7,RHSGSYLVTSV,class_I_X-S/T-X-Phi,0.4356,101,18.691,3.446,89,1,no,0.3578
11,Par-6 PDZ,1RZX,XVKESLV,class_I_X-S/T-X-Phi,12,Par-3 PDZ3,2K20,DEDQHSQITKV,class_I_X-S/T-X-Phi,0.3158,95,14.541,3.305,95,2,no,0.3527
8,Tamalin/GRASP PDZ,2EGN,SSSSL,class_I_X-S/T-X-Phi,17,TIP-1 PDZ,3SFJ,ANSRWPTSII,class_I_X-S/T-X-Phi,0.3511,94,18.833,3.055,82,1,no,0.3510
11,Par-6 PDZ,1RZX,XVKESLV,class_I_X-S/T-X-Phi,19,DLG1/SAP97 PDZ1,3RL7,RHSGSYLVTSV,class_I_X-S/T-X-Phi,0.2653,98,17.225,3.074,89,2,no,0.3484
1,PSD-95/DLG4 PDZ3,1BE9,KQTSV,class_I_X-S/T-X-Phi,20,DLG1/SAP97 PDZ2,2G2L,SIPCMSHSSGMPLGATGL,class_I_X-S/T-X-Phi,0.3333,105,19.834,3.485,90,2,no,0.3462
1,PSD-95/DLG4 PDZ3,1BE9,KQTSV,class_I_X-S/T-X-Phi,17,TIP-1 PDZ,3SFJ,ANSRWPTSII,class_I_X-S/T-X-Phi,0.3299,97,15.585,3.490,98,2,no,0.3442
10,LARG PDZ,2OS6,VENKVTDL,class_I_X-S/T-X-Phi,19,DLG1/SAP97 PDZ1,3RL7,RHSGSYLVTSV,class_I_X-S/T-X-Phi,0.3908,87,15.871,3.390,82,1,no,0.3422
1,PSD-95/DLG4 PDZ3,1BE9,KQTSV,class_I_X-S/T-X-Phi,10,LARG PDZ,2OS6,VENKVTDL,class_I_X-S/T-X-Phi,0.3483,89,10.552,3.635,89,2,no,0.3409
3,NHERF1 PDZ1,2M0U,QDTRL,class_I_X-S/T-X-Phi,8,Tamalin/GRASP PDZ,2EGN,SSSSL,class_I_X-S/T-X-Phi,0.4368,87,19.696,4.140,82,2,no,0.3403
1,PSD-95/DLG4 PDZ3,1BE9,KQTSV,class_I_X-S/T-X-Phi,12,Par-3 PDZ3,2K20,DEDQHSQITKV,class_I_X-S/T-X-Phi,0.3301,103,11.867,3.549,98,2,no,0.3396
3,NHERF1 PDZ1,2M0U,QDTRL,class_I_X-S/T-X-Phi,7,Afadin/AF-6 PDZ,2AIN,LFSTEV,class_I_X-S/T-X-Phi,0.3977,88,13.767,3.932,88,2,no,0.3394
17,TIP-1 PDZ,3SFJ,ANSRWPTSII,class_I_X-S/T-X-Phi,18,CAL/GOPC PDZ,4E34,ANSRWPTSII,class_I_X-S/T-X-Phi,0.3256,86,17.784,2.629,86,0,no,0.3362
7,Afadin/AF-6 PDZ,2AIN,LFSTEV,class_I_X-S/T-X-Phi,8,Tamalin/GRASP PDZ,2EGN,SSSSL,class_I_X-S/T-X-Phi,0.2697,89,15.661,2.790,82,1,no,0.3357
11,Par-6 PDZ,1RZX,XVKESLV,class_I_X-S/T-X-Phi,14,SNX27 PDZ,3QGL,ESESKV,class_I_X-S/T-X-Phi,0.3723,94,11.884,3.373,93,1,no,0.3352
2,Erbin PDZ,1MFG,EYLGLDVPV,class_II_X-Phi-X-Phi,3,NHERF1 PDZ1,2M0U,QDTRL,class_I_X-S/T-X-Phi,0.3053,95,20.251,3.936,95,2,yes,0.3350
1,PSD-95/DLG4 PDZ3,1BE9,KQTSV,class_I_X-S/T-X-Phi,3,NHERF1 PDZ1,2M0U,QDTRL,class_I_X-S/T-X-Phi,0.3241,108,19.489,3.575,108,2,no,0.3348
10,LARG PDZ,2OS6,VENKVTDL,class_I_X-S/T-X-Phi,18,CAL/GOPC PDZ,4E34,ANSRWPTSII,class_I_X-S/T-X-Phi,0.3086,81,15.642,3.516,81,2,no,0.3326
3,NHERF1 PDZ1,2M0U,QDTRL,class_I_X-S/T-X-Phi,9,PICK1 PDZ,2PKU,ESVKI,class_II_X-Phi-X-Phi,0.3176,85,19.704,4.066,85,2,yes,0.3302
10,LARG PDZ,2OS6,VENKVTDL,class_I_X-S/T-X-Phi,11,Par-6 PDZ,1RZX,XVKESLV,class_I_X-S/T-X-Phi,0.2941,85,16.523,3.471,85,2,no,0.3297
12,Par-3 PDZ3,2K20,DEDQHSQITKV,class_I_X-S/T-X-Phi,15,PTPN4 PDZ,3NFK,SWESHKSGGETRL,class_I_X-S/T-X-Phi,0.2551,98,18.096,2.876,91,1,no,0.3222
11,Par-6 PDZ,1RZX,XVKESLV,class_I_X-S/T-X-Phi,17,TIP-1 PDZ,3SFJ,ANSRWPTSII,class_I_X-S/T-X-Phi,0.2990,97,6.148,3.126,97,1,no,0.3220
11,Par-6 PDZ,1RZX,XVKESLV,class_I_X-S/T-X-Phi,18,CAL/GOPC PDZ,4E34,ANSRWPTSII,class_I_X-S/T-X-Phi,0.3372,86,6.693,3.383,86,1,no,0.3186
1,PSD-95/DLG4 PDZ3,1BE9,KQTSV,class_I_X-S/T-X-Phi,11,Par-6 PDZ,1RZX,XVKESLV,class_I_X-S/T-X-Phi,0.3093,97,18.858,3.700,97,2,no,0.3182
8,Tamalin/GRASP PDZ,2EGN,SSSSL,class_I_X-S/T-X-Phi,11,Par-6 PDZ,1RZX,XVKESLV,class_I_X-S/T-X-Phi,0.2796,93,20.084,3.578,82,2,no,0.3146
3,NHERF1 PDZ1,2M0U,QDTRL,class_I_X-S/T-X-Phi,5,Syntenin-1 PDZ2,1OBY,TNEFYA,class_II_X-Phi-X-Phi,0.3544,79,11.847,4.472,75,2,yes,0.3142
2,Erbin PDZ,1MFG,EYLGLDVPV,class_II_X-Phi-X-Phi,5,Syntenin-1 PDZ2,1OBY,TNEFYA,class_II_X-Phi-X-Phi,0.3077,78,8.225,3.277,75,1,no,0.3138
4,NHERF1 PDZ2,2M0V,QDTRL,class_I_X-S/T-X-Phi,5,Syntenin-1 PDZ2,1OBY,TNEFYA,class_II_X-Phi-X-Phi,0.4430,79,11.962,5.206,75,2,yes,0.3119
16,ZO-1 PDZ2,3CYY,RPRPDDLEI,class_II_X-Phi-X-Phi,18,CAL/GOPC PDZ,4E34,ANSRWPTSII,class_I_X-S/T-X-Phi,0.3580,81,17.667,6.023,79,3,yes,0.3111
3,NHERF1 PDZ1,2M0U,QDTRL,class_I_X-S/T-X-Phi,14,SNX27 PDZ,3QGL,ESESKV,class_I_X-S/T-X-Phi,0.5114,88,18.498,4.014,88,0,no,0.3090
3,NHERF1 PDZ1,2M0U,QDTRL,class_I_X-S/T-X-Phi,18,CAL/GOPC PDZ,4E34,ANSRWPTSII,class_I_X-S/T-X-Phi,0.3563,87,17.666,4.101,87,2,no,0.3073
3,NHERF1 PDZ1,2M0U,QDTRL,class_I_X-S/T-X-Phi,4,NHERF1 PDZ2,2M0V,QDTRL,class_I_X-S/T-X-Phi,0.5726,117,19.575,4.390,117,0,no,0.3065
8,Tamalin/GRASP PDZ,2EGN,SSSSL,class_I_X-S/T-X-Phi,16,ZO-1 PDZ2,3CYY,RPRPDDLEI,class_II_X-Phi-X-Phi,0.3415,82,23.000,6.398,78,3,yes,0.3037
14,SNX27 PDZ,3QGL,ESESKV,class_I_X-S/T-X-Phi,15,PTPN4 PDZ,3NFK,SWESHKSGGETRL,class_I_X-S/T-X-Phi,0.3265,98,7.056,3.057,84,0,no,0.3024
1,PSD-95/DLG4 PDZ3,1BE9,KQTSV,class_I_X-S/T-X-Phi,8,Tamalin/GRASP PDZ,2EGN,SSSSL,class_I_X-S/T-X-Phi,0.3298,94,19.333,3.547,83,1,no,0.3022
2,Erbin PDZ,1MFG,EYLGLDVPV,class_II_X-Phi-X-Phi,4,NHERF1 PDZ2,2M0V,QDTRL,class_I_X-S/T-X-Phi,0.3696,92,17.812,4.708,92,2,yes,0.3022
3,NHERF1 PDZ1,2M0U,QDTRL,class_I_X-S/T-X-Phi,13,Harmonin PDZ2,2KBS,TPLEITEL,class_I_X-S/T-X-Phi,0.3516,91,19.641,4.144,91,2,no,0.3018
3,NHERF1 PDZ1,2M0U,QDTRL,class_I_X-S/T-X-Phi,10,LARG PDZ,2OS6,VENKVTDL,class_I_X-S/T-X-Phi,0.3820,89,17.060,4.316,89,2,no,0.3016
4,NHERF1 PDZ2,2M0V,QDTRL,class_I_X-S/T-X-Phi,7,Afadin/AF-6 PDZ,2AIN,LFSTEV,class_I_X-S/T-X-Phi,0.3587,92,17.312,4.198,92,2,no,0.3005
4,NHERF1 PDZ2,2M0V,QDTRL,class_I_X-S/T-X-Phi,13,Harmonin PDZ2,2KBS,TPLEITEL,class_I_X-S/T-X-Phi,0.4000,90,21.013,4.437,90,2,no,0.3000
11,Par-6 PDZ,1RZX,XVKESLV,class_I_X-S/T-X-Phi,15,PTPN4 PDZ,3NFK,SWESHKSGGETRL,class_I_X-S/T-X-Phi,0.3125,96,17.231,3.479,87,1,no,0.2998
7,Afadin/AF-6 PDZ,2AIN,LFSTEV,class_I_X-S/T-X-Phi,10,LARG PDZ,2OS6,VENKVTDL,class_I_X-S/T-X-Phi,0.3333,84,17.638,3.614,84,1,no,0.2984
12,Par-3 PDZ3,2K20,DEDQHSQITKV,class_I_X-S/T-X-Phi,13,Harmonin PDZ2,2KBS,TPLEITEL,class_I_X-S/T-X-Phi,0.2935,92,9.748,3.396,92,1,no,0.2979
4,NHERF1 PDZ2,2M0V,QDTRL,class_I_X-S/T-X-Phi,6,GRIP1 PDZ6,1N7F,ATVRTYSC,noncanonical_Cterm,0.2917,96,19.152,4.816,86,4,yes,0.2959
4,NHERF1 PDZ2,2M0V,QDTRL,class_I_X-S/T-X-Phi,9,PICK1 PDZ,2PKU,ESVKI,class_II_X-Phi-X-Phi,0.3678,87,19.104,4.789,87,2,yes,0.2949
12,Par-3 PDZ3,2K20,DEDQHSQITKV,class_I_X-S/T-X-Phi,16,ZO-1 PDZ2,3CYY,RPRPDDLEI,class_II_X-Phi-X-Phi,0.3218,87,20.804,5.448,80,3,yes,0.2948
10,LARG PDZ,2OS6,VENKVTDL,class_I_X-S/T-X-Phi,20,DLG1/SAP97 PDZ2,2G2L,SIPCMSHSSGMPLGATGL,class_I_X-S/T-X-Phi,0.3146,89,9.540,3.561,85,1,no,0.2942
5,Syntenin-1 PDZ2,1OBY,TNEFYA,class_II_X-Phi-X-Phi,11,Par-6 PDZ,1RZX,XVKESLV,class_I_X-S/T-X-Phi,0.2785,79,17.187,3.895,75,1,yes,0.2887
3,NHERF1 PDZ1,2M0U,QDTRL,class_I_X-S/T-X-Phi,20,DLG1/SAP97 PDZ2,2G2L,SIPCMSHSSGMPLGATGL,class_I_X-S/T-X-Phi,0.3265,98,19.316,4.182,90,2,no,0.2874
10,LARG PDZ,2OS6,VENKVTDL,class_I_X-S/T-X-Phi,13,Harmonin PDZ2,2KBS,TPLEITEL,class_I_X-S/T-X-Phi,0.3875,80,7.515,3.640,80,0,no,0.2831
4,NHERF1 PDZ2,2M0V,QDTRL,class_I_X-S/T-X-Phi,16,ZO-1 PDZ2,3CYY,RPRPDDLEI,class_II_X-Phi-X-Phi,0.3778,90,22.603,5.457,80,2,yes,0.2825
10,LARG PDZ,2OS6,VENKVTDL,class_I_X-S/T-X-Phi,12,Par-3 PDZ3,2K20,DEDQHSQITKV,class_I_X-S/T-X-Phi,0.3333,87,5.777,3.830,87,1,no,0.2811
1,PSD-95/DLG4 PDZ3,1BE9,KQTSV,class_I_X-S/T-X-Phi,4,NHERF1 PDZ2,2M0V,QDTRL,class_I_X-S/T-X-Phi,0.3363,113,14.174,4.355,113,2,no,0.2779
3,NHERF1 PDZ1,2M0U,QDTRL,class_I_X-S/T-X-Phi,12,Par-3 PDZ3,2K20,DEDQHSQITKV,class_I_X-S/T-X-Phi,0.3196,97,19.186,3.802,97,1,no,0.2772
10,LARG PDZ,2OS6,VENKVTDL,class_I_X-S/T-X-Phi,16,ZO-1 PDZ2,3CYY,RPRPDDLEI,class_II_X-Phi-X-Phi,0.3373,83,21.728,4.882,77,2,yes,0.2737
6,GRIP1 PDZ6,1N7F,ATVRTYSC,noncanonical_Cterm,16,ZO-1 PDZ2,3CYY,RPRPDDLEI,class_II_X-Phi-X-Phi,0.2727,88,20.316,6.302,79,3,yes,0.2727
3,NHERF1 PDZ1,2M0U,QDTRL,class_I_X-S/T-X-Phi,17,TIP-1 PDZ,3SFJ,ANSRWPTSII,class_I_X-S/T-X-Phi,0.2427,103,16.026,3.908,91,2,no,0.2716
16,ZO-1 PDZ2,3CYY,RPRPDDLEI,class_II_X-Phi-X-Phi,17,TIP-1 PDZ,3SFJ,ANSRWPTSII,class_I_X-S/T-X-Phi,0.2697,89,18.410,5.563,78,3,yes,0.2713
3,NHERF1 PDZ1,2M0U,QDTRL,class_I_X-S/T-X-Phi,16,ZO-1 PDZ2,3CYY,RPRPDDLEI,class_II_X-Phi-X-Phi,0.3483,89,19.730,5.292,80,2,yes,0.2692
1,PSD-95/DLG4 PDZ3,1BE9,KQTSV,class_I_X-S/T-X-Phi,16,ZO-1 PDZ2,3CYY,RPRPDDLEI,class_II_X-Phi-X-Phi,0.2609,92,22.043,5.714,80,3,yes,0.2674
16,ZO-1 PDZ2,3CYY,RPRPDDLEI,class_II_X-Phi-X-Phi,20,DLG1/SAP97 PDZ2,2G2L,SIPCMSHSSGMPLGATGL,class_I_X-S/T-X-Phi,0.2609,92,18.249,5.866,79,3,yes,0.2674
4,NHERF1 PDZ2,2M0V,QDTRL,class_I_X-S/T-X-Phi,18,CAL/GOPC PDZ,4E34,ANSRWPTSII,class_I_X-S/T-X-Phi,0.3678,87,16.046,4.690,87,2,no,0.2653
16,ZO-1 PDZ2,3CYY,RPRPDDLEI,class_II_X-Phi-X-Phi,19,DLG1/SAP97 PDZ1,3RL7,RHSGSYLVTSV,class_I_X-S/T-X-Phi,0.2472,89,21.301,5.784,77,3,yes,0.2612
7,Afadin/AF-6 PDZ,2AIN,LFSTEV,class_I_X-S/T-X-Phi,16,ZO-1 PDZ2,3CYY,RPRPDDLEI,class_II_X-Phi-X-Phi,0.3253,83,20.167,5.828,79,2,yes,0.2589
4,NHERF1 PDZ2,2M0V,QDTRL,class_I_X-S/T-X-Phi,20,DLG1/SAP97 PDZ2,2G2L,SIPCMSHSSGMPLGATGL,class_I_X-S/T-X-Phi,0.3469,98,17.212,4.654,89,2,no,0.2588
4,NHERF1 PDZ2,2M0V,QDTRL,class_I_X-S/T-X-Phi,11,Par-6 PDZ,1RZX,XVKESLV,class_I_X-S/T-X-Phi,0.3542,96,19.548,4.245,96,1,no,0.2573
11,Par-6 PDZ,1RZX,XVKESLV,class_I_X-S/T-X-Phi,16,ZO-1 PDZ2,3CYY,RPRPDDLEI,class_II_X-Phi-X-Phi,0.2614,88,21.005,4.686,78,2,yes,0.2553
4,NHERF1 PDZ2,2M0V,QDTRL,class_I_X-S/T-X-Phi,10,LARG PDZ,2OS6,VENKVTDL,class_I_X-S/T-X-Phi,0.3820,89,19.298,4.933,89,2,no,0.2523
3,NHERF1 PDZ1,2M0U,QDTRL,class_I_X-S/T-X-Phi,19,DLG1/SAP97 PDZ1,3RL7,RHSGSYLVTSV,class_I_X-S/T-X-Phi,0.2524,103,18.049,4.231,89,2,no,0.2501
4,NHERF1 PDZ2,2M0V,QDTRL,class_I_X-S/T-X-Phi,17,TIP-1 PDZ,3SFJ,ANSRWPTSII,class_I_X-S/T-X-Phi,0.3434,99,18.330,4.782,98,2,no,0.2470
3,NHERF1 PDZ1,2M0U,QDTRL,class_I_X-S/T-X-Phi,15,PTPN4 PDZ,3NFK,SWESHKSGGETRL,class_I_X-S/T-X-Phi,0.3936,94,16.904,4.135,90,0,no,0.2464
4,NHERF1 PDZ2,2M0V,QDTRL,class_I_X-S/T-X-Phi,12,Par-3 PDZ3,2K20,DEDQHSQITKV,class_I_X-S/T-X-Phi,0.3300,100,21.143,4.325,100,1,no,0.2400
4,NHERF1 PDZ2,2M0V,QDTRL,class_I_X-S/T-X-Phi,19,DLG1/SAP97 PDZ1,3RL7,RHSGSYLVTSV,class_I_X-S/T-X-Phi,0.2857,105,17.789,4.558,88,2,no,0.2389
15,PTPN4 PDZ,3NFK,SWESHKSGGETRL,class_I_X-S/T-X-Phi,16,ZO-1 PDZ2,3CYY,RPRPDDLEI,class_II_X-Phi-X-Phi,0.2809,89,18.891,6.596,79,2,yes,0.2389
9,PICK1 PDZ,2PKU,ESVKI,class_II_X-Phi-X-Phi,16,ZO-1 PDZ2,3CYY,RPRPDDLEI,class_II_X-Phi-X-Phi,0.3537,82,22.864,6.233,79,2,no,0.2341
13,Harmonin PDZ2,2KBS,TPLEITEL,class_I_X-S/T-X-Phi,16,ZO-1 PDZ2,3CYY,RPRPDDLEI,class_II_X-Phi-X-Phi,0.2644,87,23.058,6.136,80,2,yes,0.2315
3,NHERF1 PDZ1,2M0U,QDTRL,class_I_X-S/T-X-Phi,11,Par-6 PDZ,1RZX,XVKESLV,class_I_X-S/T-X-Phi,0.2755,98,17.257,4.208,98,1,no,0.2248
4,NHERF1 PDZ2,2M0V,QDTRL,class_I_X-S/T-X-Phi,8,Tamalin/GRASP PDZ,2EGN,SSSSL,class_I_X-S/T-X-Phi,0.2842,95,10.193,4.902,83,2,no,0.2107
14,SNX27 PDZ,3QGL,ESESKV,class_I_X-S/T-X-Phi,16,ZO-1 PDZ2,3CYY,RPRPDDLEI,class_II_X-Phi-X-Phi,0.2065,92,22.562,6.418,78,2,yes,0.2054
4,NHERF1 PDZ2,2M0V,QDTRL,class_I_X-S/T-X-Phi,14,SNX27 PDZ,3QGL,ESESKV,class_I_X-S/T-X-Phi,0.3366,101,19.911,4.467,96,0,no,0.1941
5,Syntenin-1 PDZ2,1OBY,TNEFYA,class_II_X-Phi-X-Phi,16,ZO-1 PDZ2,3CYY,RPRPDDLEI,class_II_X-Phi-X-Phi,0.3158,76,20.489,7.471,74,1,no,0.1796
4,NHERF1 PDZ2,2M0V,QDTRL,class_I_X-S/T-X-Phi,15,PTPN4 PDZ,3NFK,SWESHKSGGETRL,class_I_X-S/T-X-Phi,0.3776,98,17.872,4.954,91,0,no,0.1736
2,Erbin PDZ,1MFG,EYLGLDVPV,class_II_X-Phi-X-Phi,16,ZO-1 PDZ2,3CYY,RPRPDDLEI,class_II_X-Phi-X-Phi,0.2184,87,14.131,6.105,78,1,no,0.1358
