rank_a,case_a,pdb_a,peptide_a,motif_class_a,rank_b,case_b,pdb_b,peptide_b,motif_class_b,seq_identity,aligned_sequence_positions,ca_seqalign_rmsd_angstrom,ca_shape_rmsd_angstrom,aligned_ca_pairs,motif_reduced_tail4_distance,different_motif_class,transfer_pair_score,recommended_direction,relation_type
2,Erbin PDZ,1MFG,EYLGLDVPV,class_II_X-Phi-X-Phi,17,TIP-1 PDZ,3SFJ,ANSRWPTSII,class_I_X-S/T-X-Phi,0.4565,92,9.702,2.120,92,3,yes,0.5859,"Erbin PDZ (EYLGLDVPV, class_II_X-Phi-X-Phi) -> TIP-1 PDZ (ANSRWPTSII, class_I_X-S/T-X-Phi)",specificity_transfer
5,Syntenin-1 PDZ2,1OBY,TNEFYA,class_II_X-Phi-X-Phi,8,Tamalin/GRASP PDZ,2EGN,SSSSL,class_I_X-S/T-X-Phi,0.3418,79,18.374,1.634,75,3,yes,0.5731,"Syntenin-1 PDZ2 (TNEFYA, class_II_X-Phi-X-Phi) -> Tamalin/GRASP PDZ (SSSSL, class_I_X-S/T-X-Phi)",specificity_transfer
6,GRIP1 PDZ6,1N7F,ATVRTYSC,noncanonical_Cterm,18,CAL/GOPC PDZ,4E34,ANSRWPTSII,class_I_X-S/T-X-Phi,0.3837,86,12.674,2.160,85,3,yes,0.5499,"GRIP1 PDZ6 (ATVRTYSC, noncanonical_Cterm) -> CAL/GOPC PDZ (ANSRWPTSII, class_I_X-S/T-X-Phi)",specificity_transfer
9,PICK1 PDZ,2PKU,ESVKI,class_II_X-Phi-X-Phi,18,CAL/GOPC PDZ,4E34,ANSRWPTSII,class_I_X-S/T-X-Phi,0.3571,84,18.202,1.709,84,2,yes,0.5365,"PICK1 PDZ (ESVKI, class_II_X-Phi-X-Phi) -> CAL/GOPC PDZ (ANSRWPTSII, class_I_X-S/T-X-Phi)",specificity_transfer
9,PICK1 PDZ,2PKU,ESVKI,class_II_X-Phi-X-Phi,20,DLG1/SAP97 PDZ2,2G2L,SIPCMSHSSGMPLGATGL,class_I_X-S/T-X-Phi,0.3605,86,10.316,2.275,85,3,yes,0.5302,"PICK1 PDZ (ESVKI, class_II_X-Phi-X-Phi) -> DLG1/SAP97 PDZ2 (SIPCMSHSSGMPLGATGL, class_I_X-S/T-X-Phi)",specificity_transfer
6,GRIP1 PDZ6,1N7F,ATVRTYSC,noncanonical_Cterm,19,DLG1/SAP97 PDZ1,3RL7,RHSGSYLVTSV,class_I_X-S/T-X-Phi,0.3021,96,18.333,1.967,85,3,yes,0.5286,"GRIP1 PDZ6 (ATVRTYSC, noncanonical_Cterm) -> DLG1/SAP97 PDZ1 (RHSGSYLVTSV, class_I_X-S/T-X-Phi)",specificity_transfer
6,GRIP1 PDZ6,1N7F,ATVRTYSC,noncanonical_Cterm,20,DLG1/SAP97 PDZ2,2G2L,SIPCMSHSSGMPLGATGL,class_I_X-S/T-X-Phi,0.3263,95,17.692,2.140,85,4,yes,0.5257,"GRIP1 PDZ6 (ATVRTYSC, noncanonical_Cterm) -> DLG1/SAP97 PDZ2 (SIPCMSHSSGMPLGATGL, class_I_X-S/T-X-Phi)",specificity_transfer
18,CAL/GOPC PDZ,4E34,ANSRWPTSII,class_I_X-S/T-X-Phi,20,DLG1/SAP97 PDZ2,2G2L,SIPCMSHSSGMPLGATGL,class_I_X-S/T-X-Phi,0.3953,86,7.634,1.621,85,2,no,0.5232,"CAL/GOPC PDZ (ANSRWPTSII, class_I_X-S/T-X-Phi) -> DLG1/SAP97 PDZ2 (SIPCMSHSSGMPLGATGL, class_I_X-S/T-X-Phi)",specificity_transfer
2,Erbin PDZ,1MFG,EYLGLDVPV,class_II_X-Phi-X-Phi,12,Par-3 PDZ3,2K20,DEDQHSQITKV,class_I_X-S/T-X-Phi,0.3804,92,11.873,2.508,92,3,yes,0.5206,"Erbin PDZ (EYLGLDVPV, class_II_X-Phi-X-Phi) -> Par-3 PDZ3 (DEDQHSQITKV, class_I_X-S/T-X-Phi)",specificity_transfer
6,GRIP1 PDZ6,1N7F,ATVRTYSC,noncanonical_Cterm,7,Afadin/AF-6 PDZ,2AIN,LFSTEV,class_I_X-S/T-X-Phi,0.3708,89,3.944,2.507,84,3,yes,0.5163,"GRIP1 PDZ6 (ATVRTYSC, noncanonical_Cterm) -> Afadin/AF-6 PDZ (LFSTEV, class_I_X-S/T-X-Phi)",specificity_transfer
8,Tamalin/GRASP PDZ,2EGN,SSSSL,class_I_X-S/T-X-Phi,9,PICK1 PDZ,2PKU,ESVKI,class_II_X-Phi-X-Phi,0.3452,84,16.741,1.946,78,2,yes,0.5121,"Tamalin/GRASP PDZ (SSSSL, class_I_X-S/T-X-Phi) -> PICK1 PDZ (ESVKI, class_II_X-Phi-X-Phi)",specificity_transfer
9,PICK1 PDZ,2PKU,ESVKI,class_II_X-Phi-X-Phi,15,PTPN4 PDZ,3NFK,SWESHKSGGETRL,class_I_X-S/T-X-Phi,0.3218,87,18.541,1.831,85,2,yes,0.5108,"PICK1 PDZ (ESVKI, class_II_X-Phi-X-Phi) -> PTPN4 PDZ (SWESHKSGGETRL, class_I_X-S/T-X-Phi)",specificity_transfer
5,Syntenin-1 PDZ2,1OBY,TNEFYA,class_II_X-Phi-X-Phi,15,PTPN4 PDZ,3NFK,SWESHKSGGETRL,class_I_X-S/T-X-Phi,0.3165,79,5.215,1.848,75,2,yes,0.5071,"Syntenin-1 PDZ2 (TNEFYA, class_II_X-Phi-X-Phi) -> PTPN4 PDZ (SWESHKSGGETRL, class_I_X-S/T-X-Phi)",specificity_transfer
9,PICK1 PDZ,2PKU,ESVKI,class_II_X-Phi-X-Phi,19,DLG1/SAP97 PDZ1,3RL7,RHSGSYLVTSV,class_I_X-S/T-X-Phi,0.3176,85,4.490,2.354,82,3,yes,0.5047,"PICK1 PDZ (ESVKI, class_II_X-Phi-X-Phi) -> DLG1/SAP97 PDZ1 (RHSGSYLVTSV, class_I_X-S/T-X-Phi)",specificity_transfer
2,Erbin PDZ,1MFG,EYLGLDVPV,class_II_X-Phi-X-Phi,13,Harmonin PDZ2,2KBS,TPLEITEL,class_I_X-S/T-X-Phi,0.3333,87,6.545,2.454,87,3,yes,0.5037,"Erbin PDZ (EYLGLDVPV, class_II_X-Phi-X-Phi) -> Harmonin PDZ2 (TPLEITEL, class_I_X-S/T-X-Phi)",specificity_transfer
2,Erbin PDZ,1MFG,EYLGLDVPV,class_II_X-Phi-X-Phi,20,DLG1/SAP97 PDZ2,2G2L,SIPCMSHSSGMPLGATGL,class_I_X-S/T-X-Phi,0.4333,90,19.719,3.017,87,3,yes,0.5037,"Erbin PDZ (EYLGLDVPV, class_II_X-Phi-X-Phi) -> DLG1/SAP97 PDZ2 (SIPCMSHSSGMPLGATGL, class_I_X-S/T-X-Phi)",specificity_transfer
5,Syntenin-1 PDZ2,1OBY,TNEFYA,class_II_X-Phi-X-Phi,6,GRIP1 PDZ6,1N7F,ATVRTYSC,noncanonical_Cterm,0.3247,77,6.140,2.448,75,3,yes,0.5002,"Syntenin-1 PDZ2 (TNEFYA, class_II_X-Phi-X-Phi) -> GRIP1 PDZ6 (ATVRTYSC, noncanonical_Cterm)",specificity_transfer
15,PTPN4 PDZ,3NFK,SWESHKSGGETRL,class_I_X-S/T-X-Phi,18,CAL/GOPC PDZ,4E34,ANSRWPTSII,class_I_X-S/T-X-Phi,0.3678,87,15.113,1.754,85,2,no,0.5002,"PTPN4 PDZ (SWESHKSGGETRL, class_I_X-S/T-X-Phi) -> CAL/GOPC PDZ (ANSRWPTSII, class_I_X-S/T-X-Phi)",specificity_transfer
6,GRIP1 PDZ6,1N7F,ATVRTYSC,noncanonical_Cterm,14,SNX27 PDZ,3QGL,ESESKV,class_I_X-S/T-X-Phi,0.3636,88,8.742,2.685,84,4,yes,0.4989,"GRIP1 PDZ6 (ATVRTYSC, noncanonical_Cterm) -> SNX27 PDZ (ESESKV, class_I_X-S/T-X-Phi)",specificity_transfer
18,CAL/GOPC PDZ,4E34,ANSRWPTSII,class_I_X-S/T-X-Phi,19,DLG1/SAP97 PDZ1,3RL7,RHSGSYLVTSV,class_I_X-S/T-X-Phi,0.4023,87,17.210,2.001,85,2,no,0.4959,"CAL/GOPC PDZ (ANSRWPTSII, class_I_X-S/T-X-Phi) -> DLG1/SAP97 PDZ1 (RHSGSYLVTSV, class_I_X-S/T-X-Phi)",specificity_transfer
5,Syntenin-1 PDZ2,1OBY,TNEFYA,class_II_X-Phi-X-Phi,19,DLG1/SAP97 PDZ1,3RL7,RHSGSYLVTSV,class_I_X-S/T-X-Phi,0.3205,78,9.700,2.490,74,3,yes,0.4950,"Syntenin-1 PDZ2 (TNEFYA, class_II_X-Phi-X-Phi) -> DLG1/SAP97 PDZ1 (RHSGSYLVTSV, class_I_X-S/T-X-Phi)",specificity_transfer
2,Erbin PDZ,1MFG,EYLGLDVPV,class_II_X-Phi-X-Phi,18,CAL/GOPC PDZ,4E34,ANSRWPTSII,class_I_X-S/T-X-Phi,0.3810,84,7.801,2.978,84,3,yes,0.4832,"Erbin PDZ (EYLGLDVPV, class_II_X-Phi-X-Phi) -> CAL/GOPC PDZ (ANSRWPTSII, class_I_X-S/T-X-Phi)",specificity_transfer
7,Afadin/AF-6 PDZ,2AIN,LFSTEV,class_I_X-S/T-X-Phi,12,Par-3 PDZ3,2K20,DEDQHSQITKV,class_I_X-S/T-X-Phi,0.4396,91,20.191,2.372,91,2,no,0.4830,"Afadin/AF-6 PDZ (LFSTEV, class_I_X-S/T-X-Phi) -> Par-3 PDZ3 (DEDQHSQITKV, class_I_X-S/T-X-Phi)",specificity_transfer
2,Erbin PDZ,1MFG,EYLGLDVPV,class_II_X-Phi-X-Phi,8,Tamalin/GRASP PDZ,2EGN,SSSSL,class_I_X-S/T-X-Phi,0.3516,91,17.501,2.862,81,3,yes,0.4793,"Erbin PDZ (EYLGLDVPV, class_II_X-Phi-X-Phi) -> Tamalin/GRASP PDZ (SSSSL, class_I_X-S/T-X-Phi)",specificity_transfer
2,Erbin PDZ,1MFG,EYLGLDVPV,class_II_X-Phi-X-Phi,6,GRIP1 PDZ6,1N7F,ATVRTYSC,noncanonical_Cterm,0.3146,89,18.879,2.662,83,3,yes,0.4786,"Erbin PDZ (EYLGLDVPV, class_II_X-Phi-X-Phi) -> GRIP1 PDZ6 (ATVRTYSC, noncanonical_Cterm)",specificity_transfer
